age,motherEducation,fatherEducation,travelTime,studyTime,failures,universitySupport,paid,higher,internet,romantic,freeTime,goOut,Dalc,Walc,absences,finalGrade_cat,EPSGrade_cat,DSGrade_cat,university_CM,university_PR,sex_F,sex_M,address_R,address_U,motherJob_at_home,motherJob_health,motherJob_other,motherJob_services,motherJob_teacher,fatherJob_at_home,fatherJob_health,fatherJob_other,fatherJob_services,fatherJob_teacher,reason_course,reason_home,reason_other,reason_reputation
18,4,4,2,2,0,1,0,1,0,0,3,4,1,1,6,3,3,3,0,1,1,0,0,1,1,0,0,0,0,0,0,0,0,1,1,0,0,0
17,1,1,1,2,0,0,0,1,1,0,3,3,1,1,4,3,3,3,0,1,1,0,0,1,1,0,0,0,0,0,0,1,0,0,1,0,0,0
15,1,1,1,2,3,1,1,1,1,0,3,2,2,3,10,3,3,3,0,1,1,0,0,1,1,0,0,0,0,0,0,1,0,0,0,0,1,0
15,4,2,1,3,0,0,1,1,1,1,2,2,1,1,2,1,1,2,0,1,1,0,0,1,0,1,0,0,0,0,0,0,1,0,0,1,0,0
16,3,3,1,2,0,0,1,1,0,0,3,2,1,2,4,3,3,3,0,1,1,0,0,1,0,0,1,0,0,0,0,1,0,0,0,1,0,0
16,4,3,1,2,0,0,1,1,1,0,4,2,1,2,10,1,1,1,0,1,0,1,0,1,0,0,0,1,0,0,0,1,0,0,0,0,0,1
16,2,2,1,2,0,0,0,1,1,0,4,4,1,1,0,2,2,2,0,1,0,1,0,1,0,0,1,0,0,0,0,1,0,0,0,1,0,0
17,4,4,2,2,0,1,0,1,0,0,1,4,1,1,6,3,3,3,0,1,1,0,0,1,0,0,1,0,0,0,0,0,0,1,0,1,0,0
15,3,2,1,2,0,0,1,1,1,0,2,2,1,1,0,0,1,0,0,1,0,1,0,1,0,0,0,1,0,0,0,1,0,0,0,1,0,0
15,3,4,1,2,0,0,1,1,1,0,5,1,1,1,0,1,2,1,0,1,0,1,0,1,0,0,1,0,0,0,0,1,0,0,0,1,0,0
15,4,4,1,2,0,0,1,1,1,0,3,3,1,2,0,3,3,3,0,1,1,0,0,1,0,0,0,0,1,0,1,0,0,0,0,0,0,1
15,2,1,3,3,0,0,0,1,1,0,2,2,1,1,4,2,3,2,0,1,1,0,0,1,0,0,0,1,0,0,0,1,0,0,0,0,0,1
15,4,4,1,1,0,0,1,1,1,0,3,3,1,3,2,2,2,2,0,1,0,1,0,1,0,1,0,0,0,0,0,0,1,0,1,0,0,0
15,4,3,2,2,0,0,1,1,1,0,4,3,1,2,2,2,3,3,0,1,0,1,0,1,0,0,0,0,1,0,0,1,0,0,1,0,0,0
15,2,2,1,3,0,0,0,1,1,1,5,2,1,1,0,1,2,1,0,1,0,1,0,1,0,0,1,0,0,0,0,1,0,0,0,1,0,0
16,4,4,1,1,0,0,0,1,1,0,4,4,1,2,4,2,2,2,0,1,1,0,0,1,0,1,0,0,0,0,0,1,0,0,0,1,0,0
16,4,4,1,3,0,0,1,1,1,0,2,3,1,2,6,2,2,2,0,1,1,0,0,1,0,0,0,1,0,0,0,0,1,0,0,0,0,1
16,3,3,3,2,0,1,0,1,0,0,3,2,1,1,4,3,3,3,0,1,1,0,0,1,0,0,1,0,0,0,0,1,0,0,0,0,0,1
17,3,2,1,1,3,0,0,1,1,0,5,5,2,4,16,3,3,3,0,1,0,1,0,1,0,0,0,1,0,0,0,0,1,0,1,0,0,0
16,4,3,1,1,0,0,1,1,1,0,1,3,1,3,4,3,3,3,0,1,0,1,0,1,0,1,0,0,0,0,0,1,0,0,0,1,0,0
15,4,3,1,2,0,0,0,1,1,0,4,1,1,1,0,1,2,2,0,1,0,1,0,1,0,0,0,0,1,0,0,1,0,0,0,0,0,1
15,4,4,1,1,0,0,1,1,1,0,4,2,1,1,0,1,2,1,0,1,0,1,0,1,0,1,0,0,0,0,1,0,0,0,0,0,1,0
16,4,2,1,2,0,0,0,1,1,0,5,1,1,3,2,1,1,1,0,1,0,1,0,1,0,0,0,0,1,0,0,1,0,0,1,0,0,0
16,2,2,2,2,0,0,0,1,1,0,4,4,2,4,0,2,2,2,0,1,0,1,0,1,0,0,1,0,0,0,0,1,0,0,0,0,0,1
15,2,4,1,3,0,1,1,1,1,0,3,2,1,1,2,3,3,3,0,1,1,0,1,0,0,0,0,1,0,0,1,0,0,0,1,0,0,0
16,2,2,1,1,2,0,1,1,1,0,2,2,1,3,14,3,3,3,0,1,1,0,0,1,0,0,0,1,0,0,0,0,1,0,0,1,0,0
15,2,2,1,1,0,0,1,1,1,0,2,2,1,2,2,2,2,2,0,1,0,1,0,1,0,0,1,0,0,0,0,1,0,0,0,1,0,0
15,4,2,1,1,0,0,1,1,1,0,2,4,2,4,4,1,1,1,0,1,0,1,0,1,0,1,0,0,0,0,0,0,1,0,0,0,1,0
16,3,4,1,2,0,1,0,1,1,0,3,3,1,1,4,2,2,2,0,1,0,1,0,1,0,0,0,1,0,0,0,1,0,0,0,1,0,0
16,4,4,1,2,0,0,1,1,1,1,4,5,5,5,16,2,3,2,0,1,0,1,0,1,0,0,0,0,1,0,0,0,0,1,0,1,0,0
15,4,4,1,2,0,0,1,1,1,0,4,2,3,4,0,2,3,2,0,1,0,1,0,1,0,1,0,0,0,0,0,0,1,0,0,1,0,0
15,4,4,2,2,0,0,0,1,1,0,3,1,1,1,0,1,1,1,0,1,0,1,0,1,0,0,0,1,0,0,0,0,1,0,0,0,0,1
15,4,3,1,2,0,0,0,1,1,1,5,2,1,1,0,1,1,1,0,1,0,1,1,0,0,0,0,0,1,1,0,0,0,0,1,0,0,0
15,3,3,1,2,0,0,0,1,1,0,3,2,1,1,0,2,3,3,0,1,0,1,0,1,0,0,1,0,0,0,0,1,0,0,1,0,0,0
16,3,2,1,1,0,0,1,1,1,0,4,3,1,1,0,1,2,2,0,1,0,1,0,1,0,0,1,0,0,0,0,1,0,0,0,1,0,0
15,2,3,2,1,0,0,0,1,0,0,5,1,1,1,0,3,3,3,0,1,1,0,0,1,0,0,1,0,0,0,0,1,0,0,0,0,1,0
15,4,3,1,3,0,0,0,1,1,0,4,3,1,1,2,0,1,1,0,1,0,1,0,1,0,0,0,0,1,0,0,0,1,0,0,1,0,0
16,4,4,2,3,0,0,0,1,1,1,4,3,1,1,7,1,1,1,0,1,0,1,1,0,0,0,1,0,0,0,0,0,0,1,0,0,0,1
15,3,4,1,3,0,1,1,1,1,0,3,2,1,1,2,2,2,2,0,1,1,0,1,0,0,0,0,1,0,0,1,0,0,0,1,0,0,0
15,2,2,1,1,0,1,1,1,0,0,3,1,1,1,8,2,2,2,0,1,1,0,1,0,1,0,0,0,0,0,0,1,0,0,0,0,0,1
16,2,2,2,2,1,0,0,1,1,1,3,3,1,2,25,2,3,3,0,1,1,0,0,1,0,0,1,0,0,0,0,1,0,0,0,1,0,0
15,4,4,1,1,0,0,0,1,1,1,4,3,2,4,8,2,2,2,0,1,0,1,0,1,0,0,0,0,1,0,0,1,0,0,0,1,0,0
15,4,4,1,2,0,0,0,1,1,0,3,3,1,1,2,0,0,0,0,1,0,1,0,1,0,0,0,1,0,0,0,0,0,1,1,0,0,0
15,2,2,1,1,0,1,0,1,1,0,4,1,1,1,0,2,3,3,0,1,0,1,0,1,0,0,0,1,0,0,0,0,1,0,1,0,0,0
16,2,2,2,2,1,1,0,1,1,0,3,3,2,2,14,3,3,3,0,1,1,0,0,1,0,0,1,0,0,1,0,0,0,0,1,0,0,0
15,4,3,1,2,0,1,1,1,1,1,2,2,1,1,8,3,3,3,0,1,1,0,0,1,0,0,1,0,0,0,0,1,0,0,1,0,0,0
16,3,3,1,2,0,0,0,1,1,0,3,5,1,4,12,2,2,2,0,1,1,0,0,1,0,0,1,0,0,0,0,0,1,0,0,1,0,0
16,4,3,1,4,0,0,0,1,1,0,2,2,1,1,4,0,0,0,0,1,0,1,0,1,0,1,0,0,0,0,0,0,1,0,0,0,0,1
15,4,2,1,2,0,0,1,1,0,0,3,3,2,2,2,2,1,1,0,1,0,1,0,1,0,0,0,0,1,0,0,1,0,0,0,1,0,0
15,4,4,1,2,1,1,0,1,1,0,4,4,1,1,2,3,3,3,0,1,1,0,0,1,0,0,0,1,0,0,0,0,0,1,0,0,1,0
16,2,2,3,2,0,0,1,1,1,0,3,3,2,3,2,2,2,2,0,1,1,0,0,1,0,0,0,1,0,0,0,0,1,0,1,0,0,0
15,4,2,1,2,0,0,1,1,1,0,3,3,1,1,2,2,2,2,0,1,1,0,0,1,0,1,0,0,0,0,0,1,0,0,0,0,1,0
15,4,2,2,1,1,0,0,1,0,0,5,5,3,4,6,3,2,2,0,1,0,1,0,1,0,1,0,0,0,0,1,0,0,0,0,0,1,0
15,4,4,1,1,0,1,1,1,1,0,3,4,2,3,0,2,3,3,0,1,1,0,0,1,0,0,0,1,0,0,0,0,1,0,1,0,0,0
15,3,3,1,1,0,0,1,1,1,0,3,4,4,4,6,2,3,2,0,1,1,0,0,1,0,0,1,0,0,0,0,1,0,0,0,0,1,0
16,2,1,1,2,0,0,1,1,1,1,3,4,1,1,8,3,3,3,0,1,1,0,0,1,0,0,1,0,0,0,0,1,0,0,0,0,1,0
15,4,3,1,2,0,0,1,1,1,0,3,2,1,1,0,1,2,1,0,1,1,0,0,1,0,0,0,1,0,0,0,0,1,0,0,0,0,1
15,4,4,1,2,0,0,0,1,0,0,2,2,1,1,4,1,2,1,0,1,0,1,0,1,0,0,0,0,1,0,1,0,0,0,0,0,0,1
15,1,2,1,2,0,1,0,1,1,0,3,2,1,1,2,3,3,3,0,1,0,1,0,1,0,0,1,0,0,1,0,0,0,0,0,1,0,0
16,4,2,1,2,0,0,0,1,1,0,2,3,1,1,2,1,1,1,0,1,1,0,0,1,0,0,0,1,0,0,0,1,0,0,1,0,0,0
16,4,4,1,2,0,0,0,1,0,0,4,4,2,3,6,2,3,2,0,1,1,0,1,0,0,1,0,0,0,0,0,0,0,1,0,0,1,0
16,1,1,4,1,0,1,0,1,1,1,5,5,5,5,6,2,3,3,0,1,1,0,0,1,0,0,0,1,0,0,0,0,1,0,1,0,0,0
16,1,2,1,2,0,1,0,1,1,0,4,3,1,1,4,3,3,3,0,1,1,0,0,1,0,0,1,0,0,0,0,0,1,0,0,0,0,1
16,4,3,1,3,0,1,1,1,1,0,4,4,2,4,2,3,3,3,0,1,1,0,0,1,0,0,0,0,1,0,1,0,0,0,0,1,0,0
15,4,3,1,2,0,1,0,1,1,1,4,4,2,4,0,3,3,3,0,1,1,0,0,1,0,0,0,1,0,0,0,0,1,0,0,0,0,1
16,4,3,3,2,0,0,0,1,1,0,4,3,1,2,2,1,1,1,0,1,1,0,0,1,0,0,0,0,1,0,0,0,1,0,1,0,0,0
15,4,4,1,4,0,0,0,1,1,1,3,3,5,5,4,2,2,2,0,1,0,1,0,1,0,0,1,0,0,0,0,0,1,0,0,0,0,1
16,3,1,1,4,0,1,1,1,1,0,3,3,1,2,4,3,3,3,0,1,1,0,0,1,0,0,0,1,0,0,0,1,0,0,1,0,0,0
15,2,2,2,2,0,1,1,1,1,0,1,3,1,3,2,3,3,3,0,1,1,0,1,0,0,1,0,0,0,0,0,0,1,0,0,0,0,1
15,3,1,2,4,0,0,0,1,1,0,4,2,2,3,12,1,1,1,0,1,1,0,1,0,0,0,1,0,0,0,0,1,0,0,0,0,0,1
16,3,1,2,4,0,0,1,1,1,0,3,2,1,1,0,1,2,1,0,1,0,1,0,1,0,0,1,0,0,0,0,1,0,0,0,0,0,1
15,4,2,1,4,0,0,0,1,1,0,3,3,1,1,0,3,3,3,0,1,0,1,0,1,0,0,1,0,0,0,0,1,0,0,1,0,0,0
15,1,1,1,2,2,1,0,1,1,1,3,4,2,4,2,3,3,3,0,1,1,0,1,0,0,0,1,0,0,0,0,1,0,0,0,0,0,1
16,3,1,1,1,0,0,0,1,0,0,3,2,2,2,2,2,2,2,0,1,0,1,0,1,0,0,1,0,0,0,0,1,0,0,0,0,0,1
16,3,3,1,2,0,1,1,1,1,0,3,3,2,4,54,2,2,2,0,1,1,0,0,1,0,0,1,0,0,0,0,0,1,0,0,1,0,0
15,4,3,1,2,0,0,1,1,1,0,3,3,2,3,6,3,3,3,0,1,0,1,0,1,0,0,0,0,1,0,0,1,0,0,0,1,0,0
15,4,0,2,4,0,0,0,1,1,0,4,3,1,1,8,3,2,2,0,1,0,1,0,1,0,0,0,0,1,0,0,1,0,0,1,0,0,0
16,2,2,1,4,0,0,1,1,1,1,2,3,1,3,0,2,2,2,0,1,1,0,0,1,0,0,1,0,0,0,0,1,0,0,0,0,0,1
17,2,1,2,1,3,1,0,0,1,0,5,1,1,1,2,3,3,3,0,1,0,1,0,1,0,0,1,0,0,0,0,1,0,0,0,1,0,0
16,3,4,1,2,0,0,0,1,1,0,4,3,1,2,12,3,3,3,0,1,1,0,0,1,1,0,0,0,0,0,0,1,0,0,1,0,0,0
15,2,3,1,1,0,1,1,1,1,1,2,2,1,3,2,2,3,2,0,1,0,1,0,1,0,0,1,0,0,0,0,0,1,0,1,0,0,0
15,2,3,1,3,0,1,1,1,1,0,3,2,1,2,4,2,2,3,0,1,0,1,0,1,0,0,1,0,0,0,0,1,0,0,0,1,0,0
15,3,2,1,2,0,0,1,1,1,0,4,4,1,1,10,3,3,3,0,1,1,0,0,1,0,0,0,1,0,0,0,1,0,0,0,0,0,1
15,2,2,2,2,0,0,1,1,1,0,3,3,1,3,4,1,1,1,0,1,0,1,0,1,0,0,0,1,0,0,0,0,1,0,0,1,0,0
15,1,1,1,2,0,0,0,1,1,0,3,2,2,3,2,3,3,3,0,1,1,0,0,1,0,0,1,0,0,0,0,1,0,0,0,1,0,0
15,4,4,2,2,2,0,1,1,1,1,4,4,2,3,6,3,3,3,0,1,1,0,0,1,0,0,0,1,0,0,0,0,1,0,0,0,0,1
16,2,2,1,2,0,0,0,1,0,0,3,4,1,2,4,3,3,3,0,1,1,0,0,1,1,0,0,0,0,0,0,1,0,0,1,0,0,0
15,4,2,1,3,0,0,0,1,1,0,3,3,1,3,4,2,2,2,0,1,1,0,0,1,0,0,1,0,0,0,0,1,0,0,0,0,0,1
16,2,2,2,2,1,0,1,1,1,0,4,2,1,1,12,3,2,3,0,1,0,1,0,1,0,0,0,1,0,0,0,1,0,0,0,0,0,1
16,4,4,1,2,0,0,0,1,0,0,1,3,3,5,18,3,3,3,0,1,0,1,0,1,0,0,0,0,1,0,1,0,0,0,0,0,0,1
16,3,3,1,3,0,0,1,1,1,1,3,3,1,3,0,3,3,3,0,1,1,0,0,1,0,0,1,0,0,0,0,1,0,0,0,1,0,0
15,4,3,1,1,0,0,1,1,1,0,5,5,1,3,4,0,1,1,0,1,1,0,0,1,0,0,0,1,0,0,0,1,0,0,0,0,0,1
16,3,1,1,2,0,1,0,1,0,0,3,3,2,3,4,3,3,3,0,1,1,0,0,1,0,0,1,0,0,0,0,1,0,0,0,1,0,0
16,4,2,2,2,0,0,1,1,1,0,3,3,1,1,0,3,2,3,0,1,1,0,0,1,0,0,0,0,1,0,0,0,1,0,0,1,0,0
15,2,2,1,4,0,0,0,1,1,0,3,4,1,1,6,2,2,2,0,1,0,1,0,1,0,0,0,1,0,0,1,0,0,0,0,0,0,1
15,1,1,2,4,1,1,1,1,1,0,1,2,1,1,2,3,3,3,0,1,1,0,1,0,1,0,0,0,0,0,0,1,0,0,0,1,0,0
16,4,3,2,1,0,1,0,1,1,0,3,3,1,1,2,1,2,1,0,1,0,1,1,0,0,0,0,1,0,0,0,1,0,0,0,0,0,1
16,2,1,1,2,0,0,1,1,0,1,3,5,1,1,2,3,3,3,0,1,1,0,0,1,0,0,1,0,0,0,0,1,0,0,1,0,0,0
16,4,4,1,1,0,0,0,1,1,0,3,4,1,2,6,2,2,2,0,1,1,0,0,1,0,0,1,0,0,0,0,1,0,0,0,0,0,1
16,4,3,1,3,0,1,1,1,1,0,3,5,1,1,0,3,3,3,0,1,1,0,0,1,0,0,1,0,0,1,0,0,0,0,1,0,0,0
16,4,4,1,1,0,1,1,1,1,0,5,5,5,5,14,3,3,3,0,1,0,1,0,1,0,0,0,1,0,0,0,0,1,0,0,0,1,0
16,4,4,1,3,0,0,0,1,1,1,4,3,1,1,0,1,1,1,0,1,0,1,0,1,0,0,0,1,0,0,0,0,0,1,0,0,1,0
15,4,4,1,1,0,0,0,1,1,0,3,3,1,1,4,2,3,2,0,1,0,1,0,1,0,0,0,1,0,0,0,1,0,0,1,0,0,0
15,3,2,2,2,0,1,1,1,1,0,3,5,1,1,26,3,3,3,0,1,1,0,0,1,0,0,0,1,0,0,0,1,0,0,0,1,0,0
15,3,4,1,2,0,0,1,1,1,0,4,4,1,1,0,0,1,0,0,1,0,1,0,1,0,0,0,1,0,0,0,1,0,0,1,0,0,0
15,3,3,1,4,0,1,0,1,0,0,3,3,1,1,10,2,3,2,0,1,1,0,0,1,0,0,1,0,0,0,1,0,0,0,0,0,0,1
15,2,2,1,4,0,1,1,1,1,0,1,2,1,1,8,3,3,3,0,1,1,0,0,1,0,0,1,0,0,0,0,1,0,0,1,0,0,0
16,3,3,1,3,0,0,0,1,1,0,3,3,1,1,2,0,1,0,0,1,0,1,0,1,0,0,0,1,0,0,0,1,0,0,0,1,0,0
15,4,4,4,4,0,0,1,1,1,1,3,5,3,5,6,2,3,2,0,1,0,1,1,0,0,0,1,0,0,0,0,1,0,0,0,1,0,0
16,4,4,1,3,0,0,1,1,1,1,4,5,1,1,4,1,2,1,0,1,1,0,0,1,0,1,0,0,0,0,1,0,0,0,0,0,1,0
15,4,4,1,1,0,0,0,1,1,0,5,3,1,1,6,0,0,0,0,1,0,1,0,1,0,0,0,0,1,0,0,0,0,1,1,0,0,0
16,3,3,1,3,1,1,0,1,1,0,1,2,1,1,0,3,3,3,0,1,1,0,1,0,0,0,0,1,0,0,0,1,0,0,0,0,0,1
16,2,2,1,2,1,1,0,1,1,0,1,2,1,1,6,2,3,2,0,1,1,0,0,1,1,0,0,0,0,0,0,1,0,0,0,1,0,0
15,4,2,1,1,0,0,0,1,1,0,5,2,1,1,10,0,0,0,0,1,0,1,0,1,0,0,0,0,1,0,0,1,0,0,1,0,0,0
15,2,1,1,2,0,0,0,1,1,1,4,2,1,1,8,3,3,3,0,1,0,1,1,0,0,1,0,0,0,0,0,0,1,0,0,0,0,1
16,4,4,1,2,0,0,0,1,1,0,4,4,1,2,2,1,1,1,0,1,0,1,0,1,0,0,0,0,1,0,0,0,0,1,1,0,0,0
15,4,4,2,2,0,0,0,1,0,0,4,3,1,1,2,2,2,2,0,1,0,1,0,1,0,0,1,0,0,0,0,0,0,1,0,0,0,1
16,3,3,2,1,0,0,0,1,1,0,4,2,1,1,0,2,2,2,0,1,0,1,0,1,0,0,1,0,0,0,0,0,1,0,0,1,0,0
17,1,3,3,2,1,0,0,1,1,0,2,4,1,4,20,3,3,3,0,1,0,1,1,0,0,0,1,0,0,0,0,1,0,0,1,0,0,0
15,3,4,1,1,0,0,0,1,1,0,4,3,1,2,6,2,2,2,0,1,0,1,0,1,0,0,1,0,0,0,0,1,0,0,0,0,0,1
15,1,2,1,2,0,0,0,1,1,0,2,3,1,2,2,1,1,1,0,1,1,0,0,1,1,0,0,0,0,0,0,0,1,0,1,0,0,0
15,2,2,1,4,0,0,1,1,1,0,5,4,1,2,6,1,1,2,0,1,0,1,0,1,0,0,0,1,0,0,0,0,1,0,0,1,0,0
16,2,4,2,2,0,0,1,1,1,1,2,2,1,2,2,2,2,2,0,1,1,0,0,1,0,0,1,0,0,0,1,0,0,0,1,0,0,0
16,4,4,1,1,0,0,0,1,1,0,4,4,1,4,18,2,2,2,0,1,0,1,0,1,0,1,0,0,0,0,0,1,0,0,1,0,0,0
16,2,2,1,2,0,0,1,1,1,1,4,4,1,1,0,3,3,3,0,1,1,0,0,1,0,0,1,0,0,0,0,1,0,0,0,1,0,0
15,3,4,1,1,0,1,0,1,1,0,5,5,3,2,0,2,2,2,0,1,0,1,0,1,0,0,0,1,0,0,0,0,1,0,0,1,0,0
15,3,4,1,2,0,1,0,1,1,1,3,2,1,1,0,2,3,3,0,1,1,0,0,1,0,0,1,0,0,0,0,1,0,0,0,1,0,0
19,0,1,1,2,3,0,0,0,0,0,4,2,1,1,2,3,3,3,0,1,1,0,0,1,1,0,0,0,0,0,0,1,0,0,1,0,0,0
18,2,2,1,1,2,0,0,1,1,0,3,3,1,2,0,3,3,3,0,1,0,1,1,0,0,0,0,1,0,0,0,1,0,0,0,0,0,1
16,4,4,1,1,0,0,1,1,1,0,5,5,2,5,8,0,0,0,0,1,0,1,1,0,0,0,0,0,1,0,0,0,0,1,1,0,0,0
15,3,4,2,3,2,0,0,1,1,1,2,2,2,2,0,3,2,3,0,1,1,0,1,0,0,0,0,1,0,0,0,0,0,1,1,0,0,0
15,1,1,3,1,0,0,0,1,1,1,3,3,1,2,0,3,3,3,0,1,1,0,0,1,1,0,0,0,0,0,0,1,0,0,1,0,0,0
17,2,2,1,1,0,0,0,1,1,1,4,4,1,3,12,2,3,2,0,1,1,0,0,1,0,0,1,0,0,0,0,1,0,0,1,0,0,0
16,3,4,1,1,0,0,0,1,1,0,2,1,1,4,16,2,2,2,0,1,1,0,0,1,0,0,0,1,0,0,0,1,0,0,1,0,0,0
15,3,4,4,2,0,0,0,1,0,1,3,3,1,1,0,3,3,3,0,1,0,1,1,0,1,0,0,0,0,0,0,0,0,1,1,0,0,0
15,4,4,1,3,0,0,0,1,1,1,3,3,1,1,0,3,2,3,0,1,1,0,0,1,0,0,0,1,0,1,0,0,0,0,1,0,0,0
17,3,4,3,2,0,0,0,1,0,0,4,5,2,4,0,3,3,3,0,1,0,1,1,0,1,0,0,0,0,0,0,1,0,0,1,0,0,0
16,3,3,2,1,2,0,0,1,1,1,3,2,1,1,0,3,3,3,0,1,1,0,0,1,0,0,1,0,0,0,0,1,0,0,1,0,0,0
16,1,1,1,2,1,0,0,1,0,1,4,4,1,3,0,2,2,2,0,1,0,1,0,1,0,0,0,1,0,0,0,1,0,0,1,0,0,0
15,4,4,2,1,0,0,0,1,1,0,3,2,1,1,0,1,1,1,0,1,1,0,0,1,0,0,0,0,1,0,0,0,0,1,1,0,0,0
15,4,3,2,4,0,1,0,1,1,0,2,2,1,1,0,3,3,3,0,1,0,1,0,1,0,0,0,0,1,0,0,0,1,0,1,0,0,0
16,2,2,2,1,2,0,0,1,1,0,3,3,2,2,8,3,3,3,0,1,0,1,0,1,0,0,0,1,0,0,0,0,1,0,0,0,0,1
15,4,4,1,3,0,0,1,1,1,0,2,2,1,1,2,2,3,2,0,1,1,0,0,1,0,0,0,0,1,0,0,0,1,0,1,0,0,0
16,1,1,1,1,0,0,0,1,1,0,4,4,3,3,2,2,2,2,0,1,1,0,0,1,1,0,0,0,0,1,0,0,0,0,1,0,0,0
17,2,1,1,1,3,0,0,1,1,0,4,5,1,2,0,3,3,3,0,1,0,1,0,1,0,0,1,0,0,0,0,1,0,0,0,1,0,0
15,1,1,1,2,0,0,1,1,1,0,4,2,1,2,0,2,3,2,0,1,1,0,0,1,0,0,1,0,0,0,0,0,1,0,1,0,0,0
15,3,2,1,2,3,0,0,1,1,0,3,2,1,1,0,3,3,3,0,1,1,0,0,1,0,1,0,0,0,0,0,0,1,0,0,1,0,0
15,1,2,1,2,0,0,1,1,1,0,3,2,1,1,2,2,3,2,0,1,1,0,0,1,1,0,0,0,0,0,0,1,0,0,1,0,0,0
16,4,4,1,1,0,0,0,0,1,1,3,2,2,1,0,3,3,3,0,1,0,1,0,1,0,0,0,0,1,0,0,0,0,1,1,0,0,0
15,2,1,4,1,3,0,0,1,1,0,5,5,2,5,0,3,3,3,0,1,0,1,0,1,0,0,0,1,0,0,0,1,0,0,1,0,0,0
18,1,1,1,1,3,0,0,0,1,1,3,5,2,5,0,3,3,3,0,1,0,1,0,1,0,0,1,0,0,0,0,1,0,0,1,0,0,0
16,2,1,1,1,1,0,0,1,0,1,4,4,3,5,6,2,2,2,0,1,0,1,0,1,1,0,0,0,0,0,0,1,0,0,1,0,0,0
15,3,3,2,3,2,0,1,1,1,1,2,1,2,3,8,3,3,3,0,1,1,0,1,0,0,0,0,1,0,0,0,0,1,0,0,0,0,1
19,3,2,1,1,3,0,0,0,1,1,5,4,1,1,0,3,3,3,0,1,0,1,0,1,0,0,0,1,0,1,0,0,0,0,0,1,0,0
17,4,4,1,1,0,1,0,1,0,1,2,1,1,1,0,2,2,2,0,1,1,0,0,1,0,0,1,0,0,0,0,0,0,1,1,0,0,0
15,2,3,1,2,0,1,1,1,0,0,4,4,1,1,2,3,2,3,0,1,0,1,1,0,1,0,0,0,0,0,0,0,1,0,1,0,0,0
17,1,2,1,1,0,0,0,1,0,0,2,2,3,3,8,2,1,2,0,1,0,1,1,0,0,0,1,0,0,0,0,1,0,0,0,0,0,1
18,1,1,3,1,3,0,0,1,0,0,2,5,1,5,6,3,3,3,0,1,1,0,1,0,1,0,0,0,0,0,0,1,0,0,1,0,0,0
16,2,2,3,1,0,0,0,1,0,0,2,2,1,2,2,1,1,1,0,1,0,1,1,0,1,0,0,0,0,0,0,1,0,0,1,0,0,0
16,3,3,1,2,1,0,1,1,1,1,5,5,4,4,4,2,3,2,0,1,0,1,0,1,0,0,1,0,0,0,0,0,1,0,1,0,0,0
17,2,1,2,1,2,0,0,0,1,1,3,2,2,2,0,3,3,3,0,1,0,1,1,0,1,0,0,0,0,0,0,1,0,0,1,0,0,0
15,3,2,2,2,2,1,0,1,1,1,4,4,1,4,6,3,3,3,0,1,0,1,1,0,0,0,1,0,0,0,0,1,0,0,1,0,0,0
16,1,2,2,1,1,0,0,1,0,0,4,4,2,4,0,3,3,3,0,1,0,1,0,1,0,0,1,0,0,0,0,1,0,0,1,0,0,0
17,1,3,1,1,0,0,0,0,1,0,3,3,1,4,2,3,3,3,0,1,0,1,0,1,1,0,0,0,0,0,0,0,1,0,1,0,0,0
17,1,1,4,2,3,0,0,0,0,1,3,5,1,5,0,3,3,3,0,1,0,1,1,0,0,0,1,0,0,0,0,0,1,0,1,0,0,0
16,3,2,2,1,1,0,0,0,0,0,5,2,1,1,16,2,2,2,0,1,0,1,0,1,0,0,0,1,0,0,0,0,1,0,1,0,0,0
16,2,2,1,2,0,0,0,0,1,0,3,5,2,4,4,3,3,3,0,1,0,1,0,1,0,0,1,0,0,0,0,1,0,0,1,0,0,0
16,4,2,1,2,0,0,1,1,1,1,2,3,1,1,0,1,2,1,0,1,1,0,0,1,0,1,0,0,0,0,0,0,1,0,0,1,0,0
16,2,2,1,2,0,0,1,1,1,0,1,5,1,1,0,3,3,3,0,1,1,0,0,1,0,0,1,0,0,0,0,1,0,0,0,1,0,0
16,4,4,1,2,0,0,1,1,1,1,4,2,1,1,0,2,2,2,0,1,1,0,0,1,0,1,0,0,0,0,1,0,0,0,0,0,0,1
16,3,4,3,1,2,0,0,1,1,0,4,5,2,4,0,3,3,3,0,1,0,1,0,1,0,0,1,0,0,0,0,1,0,0,1,0,0,0
16,1,0,2,2,0,0,1,1,1,1,3,2,1,1,2,1,2,1,0,1,0,1,0,1,0,0,1,0,0,0,0,1,0,0,0,0,0,1
17,4,4,1,2,0,0,1,1,1,0,4,4,1,3,0,3,2,2,0,1,0,1,0,1,0,0,0,0,1,0,0,1,0,0,0,0,0,1
16,1,3,1,2,3,0,0,1,1,1,3,5,1,1,0,3,3,3,0,1,1,0,0,1,1,0,0,0,0,0,0,0,1,0,0,1,0,0
16,3,3,2,2,0,0,1,1,1,0,4,5,1,1,4,3,3,2,0,1,1,0,0,1,0,0,1,0,0,0,0,1,0,0,0,0,0,1
17,4,3,2,2,0,0,1,1,1,0,4,4,4,4,4,3,3,3,0,1,0,1,0,1,0,0,0,0,1,0,0,1,0,0,1,0,0,0
16,2,2,2,2,0,0,1,1,1,0,4,4,1,4,2,2,2,2,0,1,1,0,0,1,0,0,0,1,0,0,0,1,0,0,0,0,0,1
17,3,3,1,2,0,0,0,1,1,0,3,4,1,4,4,3,3,3,0,1,0,1,0,1,0,0,1,0,0,0,0,1,0,0,0,0,0,1
16,4,2,1,1,0,0,0,1,1,1,3,3,3,4,10,3,3,3,0,1,0,1,1,0,0,0,0,0,1,0,0,0,1,0,0,0,1,0
17,4,3,1,2,0,0,0,1,1,1,2,3,1,1,4,2,3,3,0,1,0,1,0,1,0,0,1,0,0,0,0,1,0,0,1,0,0,0
16,4,3,1,2,0,0,1,1,1,0,4,3,2,3,10,3,3,3,0,1,0,1,0,1,0,0,0,0,1,0,0,1,0,0,0,1,0,0
16,3,3,1,2,0,0,1,1,1,1,2,3,1,2,2,2,2,2,0,1,0,1,0,1,0,0,0,1,0,0,0,1,0,0,0,1,0,0
17,2,4,1,2,0,0,0,1,0,0,4,2,2,3,0,1,1,1,0,1,1,0,0,1,0,0,0,1,0,0,0,0,1,0,0,0,0,1
17,3,3,1,2,0,0,0,1,1,1,3,3,2,3,56,3,3,3,0,1,1,0,0,1,0,0,1,0,0,0,0,1,0,0,0,0,0,1
16,3,2,1,2,0,0,1,1,1,0,2,2,1,2,14,2,2,2,0,1,1,0,0,1,0,0,1,0,0,0,0,1,0,0,0,0,0,1
17,3,3,1,2,0,0,0,1,1,1,3,4,2,3,12,2,2,2,0,1,0,1,0,1,0,0,0,1,0,0,0,0,1,0,0,0,1,0
16,1,2,1,1,0,0,1,1,1,1,3,3,1,2,2,2,2,2,0,1,0,1,0,1,0,0,0,1,0,0,0,0,1,0,0,0,1,0
16,2,1,1,2,0,0,1,1,1,1,2,3,1,2,0,1,1,1,0,1,0,1,0,1,0,0,1,0,0,0,0,1,0,0,1,0,0,0
17,3,3,1,2,0,0,0,1,1,1,3,3,1,3,6,3,3,3,0,1,1,0,0,1,0,1,0,0,0,0,0,1,0,0,0,0,0,1
17,1,2,1,2,0,0,0,1,0,0,1,3,1,5,4,3,3,3,0,1,0,1,1,0,1,0,0,0,0,0,0,1,0,0,0,1,0,0
16,2,3,1,2,0,0,0,1,1,0,3,3,1,1,10,2,2,2,0,1,1,0,0,1,0,0,0,1,0,0,0,0,1,0,1,0,0,0
17,1,1,1,2,0,0,0,1,1,0,3,3,1,1,0,3,3,3,0,1,1,0,0,1,1,0,0,0,0,0,0,0,1,0,1,0,0,0
17,1,2,2,2,0,0,1,1,1,0,4,4,4,5,12,3,3,3,0,1,0,1,0,1,1,0,0,0,0,0,0,0,1,0,0,0,1,0
16,3,3,1,1,0,0,0,1,1,0,3,2,3,4,8,3,3,3,0,1,0,1,1,0,0,0,0,1,0,0,0,0,1,0,0,0,0,1
16,2,3,2,1,0,0,0,1,1,0,3,3,1,1,0,2,2,2,0,1,0,1,0,1,0,0,1,0,0,0,0,1,0,0,0,1,0,0
17,2,4,1,2,0,0,0,1,1,1,3,2,1,1,0,1,2,1,0,1,1,0,0,1,0,0,0,1,0,0,0,0,1,0,1,0,0,0
17,4,4,1,1,0,0,0,1,1,0,2,3,1,2,4,1,1,1,0,1,0,1,0,1,0,0,0,1,0,0,0,0,0,1,0,1,0,0
16,3,3,3,1,0,0,1,1,1,0,3,4,3,5,8,3,3,3,0,1,0,1,1,0,0,0,0,0,1,0,0,1,0,0,0,1,0,0
17,4,4,2,1,1,0,0,1,1,0,2,4,2,3,24,0,0,0,0,1,1,0,0,1,0,0,0,1,0,0,0,0,0,1,0,1,0,0
16,4,4,1,2,0,0,1,1,1,0,5,2,1,2,0,3,3,3,0,1,1,0,0,1,0,0,0,0,1,0,0,0,0,1,0,0,0,1
16,4,3,1,2,0,0,0,1,1,0,3,5,1,5,2,1,1,1,0,1,1,0,0,1,0,1,0,0,0,0,0,1,0,0,0,1,0,0
16,2,3,1,2,0,1,1,1,0,0,4,3,1,3,6,3,3,3,0,1,1,0,0,1,0,0,1,0,0,0,0,1,0,0,0,0,0,1
17,1,1,1,2,0,0,1,1,0,0,4,4,1,3,4,3,3,3,0,1,1,0,0,1,0,0,1,0,0,0,0,1,0,0,1,0,0,0
17,2,2,1,1,0,0,0,1,1,0,3,2,1,2,18,3,3,3,0,1,1,0,1,0,0,0,1,0,0,0,0,1,0,0,0,0,0,1
16,2,2,2,4,0,0,1,1,1,0,3,5,1,1,6,2,3,3,0,1,1,0,1,0,0,0,0,1,0,0,0,0,1,0,0,0,0,1
17,3,4,1,3,1,0,1,1,1,1,4,3,3,4,28,3,3,3,0,1,1,0,0,1,1,0,0,0,0,0,0,0,1,0,0,1,0,0
16,3,1,1,2,3,0,1,1,1,0,3,3,2,2,5,3,3,3,0,1,1,0,0,1,0,0,0,1,0,0,0,1,0,0,1,0,0,0
16,4,3,1,2,0,0,1,1,1,1,3,2,1,1,10,2,2,2,0,1,1,0,0,1,0,0,0,0,1,0,0,1,0,0,0,0,1,0
16,1,1,2,1,0,0,1,1,0,0,3,2,1,4,6,3,3,3,0,1,1,0,0,1,1,0,0,0,0,0,0,1,0,0,0,1,0,0
17,4,3,2,3,0,0,1,1,1,1,4,2,1,1,6,3,3,3,0,1,1,0,1,0,0,0,0,0,1,0,0,1,0,0,0,0,0,1
19,3,3,1,4,0,0,1,1,1,0,3,3,1,2,10,3,3,3,0,1,1,0,0,1,0,0,1,0,0,0,0,1,0,0,0,0,0,1
17,4,4,1,2,0,0,1,1,1,1,3,5,4,5,13,2,2,2,0,1,0,1,0,1,0,0,0,1,0,0,0,1,0,0,0,1,0,0
16,2,2,1,2,0,1,1,1,1,0,3,4,1,1,0,2,2,2,0,1,1,0,0,1,0,0,1,0,0,0,0,1,0,0,0,0,0,1
18,2,2,1,2,1,0,1,1,1,0,4,4,2,4,15,3,3,3,0,1,0,1,0,1,0,0,0,1,0,0,0,1,0,0,0,1,0,0
17,4,4,1,1,0,0,1,1,0,0,2,1,1,2,12,3,3,3,0,1,1,0,1,0,0,0,0,1,0,0,0,1,0,0,0,0,1,0
17,3,2,2,2,0,0,1,1,1,0,4,4,1,3,2,1,2,1,0,1,1,0,0,1,0,0,1,0,0,0,0,1,0,0,0,0,0,1
17,4,3,1,2,2,0,1,1,1,1,4,5,2,4,22,3,3,3,0,1,1,0,0,1,0,0,1,0,0,0,0,1,0,0,0,0,0,1
18,3,3,1,2,1,0,1,1,1,0,2,4,2,4,13,3,3,3,0,1,0,1,0,1,0,0,0,1,0,0,1,0,0,0,0,1,0,0
17,2,3,2,1,0,0,1,1,0,0,3,3,1,4,3,3,3,3,0,1,1,0,0,1,1,0,0,0,0,0,0,1,0,0,0,1,0,0
17,2,2,1,3,0,0,1,1,1,0,3,3,1,1,4,3,3,3,0,1,1,0,0,1,1,0,0,0,0,1,0,0,0,0,1,0,0,0
17,2,1,2,2,0,0,0,1,1,0,2,5,1,2,2,3,3,3,0,1,1,0,1,0,1,0,0,0,0,0,0,0,1,0,0,0,0,1
17,1,1,1,3,1,0,0,1,0,1,3,4,1,1,0,3,3,3,0,1,1,0,0,1,1,0,0,0,0,0,0,1,0,0,0,0,0,1
16,2,3,1,2,0,1,0,1,1,0,3,1,1,1,2,1,1,1,0,1,1,0,0,1,0,0,0,1,0,0,0,0,0,1,0,0,1,0
18,2,2,2,2,0,0,1,1,1,0,3,3,5,5,0,2,2,2,0,1,0,1,0,1,0,0,1,0,0,0,0,1,0,0,0,1,0,0
16,4,4,1,3,0,0,0,1,1,0,3,2,1,1,0,2,2,2,0,1,1,0,0,1,0,0,0,0,1,0,0,0,1,0,0,1,0,0
18,3,1,1,2,1,0,0,1,1,1,3,3,1,1,16,3,3,3,0,1,1,0,1,0,0,0,1,0,0,0,0,1,0,0,0,0,0,1
17,3,2,1,2,0,0,0,1,1,0,3,4,1,3,10,1,1,1,0,1,1,0,0,1,0,0,1,0,0,0,0,1,0,0,1,0,0,0
17,2,3,1,2,0,0,1,1,1,0,3,3,1,3,2,2,2,2,0,1,0,1,0,1,0,0,0,1,0,0,0,0,1,0,0,0,0,1
18,2,1,4,2,0,1,1,1,1,1,3,2,4,5,14,3,3,3,0,1,0,1,0,1,1,0,0,0,0,0,0,1,0,0,1,0,0,0
17,2,1,2,3,0,0,0,1,1,1,2,3,1,2,10,2,2,3,0,1,1,0,0,1,0,0,1,0,0,0,0,1,0,0,1,0,0,0
17,4,3,1,2,0,0,0,1,1,1,2,3,1,2,14,2,2,2,0,1,1,0,0,1,0,1,0,0,0,0,0,1,0,0,0,0,0,1
17,2,2,2,2,0,0,1,1,1,0,5,2,1,1,4,2,2,2,0,1,0,1,1,0,0,0,1,0,0,0,0,1,0,0,1,0,0,0
17,4,4,1,2,0,1,0,1,1,1,5,5,1,3,14,3,2,3,0,1,0,1,0,1,0,0,0,0,1,0,0,0,0,1,0,0,0,1
16,4,4,1,2,0,0,1,1,1,0,2,4,2,4,2,2,2,2,0,1,0,1,0,1,0,1,0,0,0,0,0,1,0,0,0,0,0,1
16,1,1,2,2,0,0,1,1,1,0,4,2,1,1,18,3,3,3,0,1,0,1,0,1,0,0,1,0,0,0,0,1,0,0,0,1,0,0
16,3,2,2,3,0,0,0,1,1,1,3,3,1,3,10,3,2,3,0,1,0,1,0,1,1,0,0,0,0,0,0,1,0,0,0,0,0,1
17,2,2,1,2,0,0,1,1,1,1,4,2,5,5,4,2,2,2,0,1,0,1,0,1,0,0,1,0,0,0,0,1,0,0,0,1,0,0
16,2,1,1,1,0,0,0,1,1,1,5,2,1,1,20,2,2,2,0,1,1,0,0,1,0,0,1,0,0,0,0,1,0,0,0,1,0,0
17,2,1,3,2,0,0,0,1,0,0,1,1,1,1,2,2,2,2,0,1,1,0,1,0,1,0,0,0,0,0,0,0,1,0,1,0,0,0
18,2,2,1,2,1,0,0,0,1,0,5,4,3,5,0,3,3,3,0,1,0,1,0,1,0,0,1,0,0,0,0,0,1,0,0,0,0,1
17,4,3,2,2,0,0,0,1,1,1,5,5,1,4,14,2,2,2,0,1,0,1,0,1,0,1,0,0,0,0,0,1,0,0,1,0,0,0
17,4,4,2,2,0,0,1,1,1,0,3,3,2,3,2,2,3,2,0,1,0,1,1,0,0,0,0,0,1,0,0,1,0,0,1,0,0,0
16,4,3,1,1,0,0,0,1,1,0,4,5,1,1,0,3,3,3,0,1,0,1,0,1,0,0,0,0,1,0,0,1,0,0,1,0,0,0
16,4,4,1,1,0,0,0,1,1,0,3,2,1,2,0,2,2,2,0,1,0,1,0,1,0,0,0,1,0,0,0,0,1,0,1,0,0,0
18,2,1,2,3,0,0,1,1,1,1,4,4,1,1,0,3,3,3,0,1,1,0,0,1,0,0,1,0,0,0,0,1,0,0,1,0,0,0
16,2,1,3,1,0,0,0,1,1,0,3,3,1,1,6,0,0,0,0,1,0,1,0,1,0,0,1,0,0,0,0,1,0,0,1,0,0,0
17,2,3,2,1,0,0,0,1,1,0,2,2,1,1,4,2,2,2,0,1,0,1,0,1,0,0,1,0,0,0,0,1,0,0,1,0,0,0
22,3,1,1,1,3,0,0,0,1,1,4,5,5,5,16,3,3,3,0,1,0,1,0,1,0,0,0,1,0,0,0,0,1,0,0,0,1,0
18,3,3,1,2,1,0,0,1,1,1,3,3,1,3,8,3,3,3,0,1,0,1,1,0,0,0,1,0,0,0,0,0,1,0,1,0,0,0
16,0,2,1,1,0,0,1,1,1,0,3,2,2,4,0,1,2,1,0,1,0,1,0,1,0,0,1,0,0,0,0,1,0,0,0,0,1,0
18,3,2,2,1,1,0,0,0,1,0,4,5,2,4,0,3,3,3,0,1,0,1,0,1,0,0,0,1,0,0,0,1,0,0,1,0,0,0
16,3,3,3,2,0,1,0,1,1,0,3,3,1,3,6,3,3,3,0,1,0,1,0,1,1,0,0,0,0,0,0,1,0,0,0,0,0,1
18,2,1,1,1,1,0,0,0,1,0,2,5,2,5,4,3,3,3,0,1,0,1,0,1,0,0,0,1,0,0,0,0,1,0,0,0,1,0
16,2,1,2,1,0,0,0,1,0,0,3,2,1,3,0,3,3,3,0,1,0,1,1,0,0,0,1,0,0,0,0,1,0,0,1,0,0,0
17,2,1,1,1,0,0,0,1,1,0,4,2,2,4,0,2,3,2,0,1,0,1,1,0,0,0,1,0,0,0,0,1,0,0,1,0,0,0
17,1,1,2,1,1,0,0,1,1,0,4,4,1,2,2,3,3,3,0,1,0,1,0,1,0,1,0,0,0,0,0,1,0,0,1,0,0,0
17,4,2,1,4,0,0,1,1,1,0,2,3,1,1,6,2,2,2,0,1,1,0,0,1,0,0,0,0,1,0,0,0,1,0,0,0,0,1
19,4,3,1,2,0,0,0,1,1,0,3,1,1,1,12,2,2,2,0,1,0,1,0,1,0,0,0,1,0,1,0,0,0,0,0,0,0,1
18,2,1,1,2,0,0,0,1,1,0,2,4,1,2,8,2,1,2,0,1,0,1,0,1,0,0,1,0,0,0,0,1,0,0,0,1,0,0
17,2,2,1,4,0,0,1,1,1,1,4,1,1,1,0,3,3,3,0,1,1,0,0,1,0,0,0,1,0,0,0,0,1,0,1,0,0,0
18,4,3,1,2,0,0,1,1,1,1,1,2,1,3,21,0,1,0,0,1,1,0,0,1,0,0,0,1,0,0,0,1,0,0,0,1,0,0
18,4,3,1,2,0,0,1,1,1,0,3,2,1,1,2,3,3,3,0,1,0,1,0,1,0,0,0,0,1,0,0,1,0,0,1,0,0,0
18,3,2,1,3,0,0,0,1,0,0,3,2,1,1,1,2,2,2,0,1,0,1,1,0,0,0,1,0,0,0,0,1,0,0,1,0,0,0
17,3,3,1,3,0,0,0,1,0,0,2,3,1,1,4,3,3,3,0,1,1,0,0,1,0,0,1,0,0,0,0,1,0,0,0,1,0,0
18,2,2,1,3,0,0,1,1,1,1,3,3,1,1,0,3,3,3,0,1,1,0,0,1,1,0,0,0,0,0,0,0,1,0,0,1,0,0
18,3,4,2,2,0,0,1,1,1,0,2,5,3,4,13,1,1,1,0,1,0,1,1,0,0,0,1,0,0,0,0,1,0,0,0,0,0,1
17,3,1,1,2,0,0,1,1,1,1,4,4,3,4,2,3,3,3,0,1,0,1,0,1,0,0,0,1,0,0,0,1,0,0,0,0,1,0
18,4,4,2,2,0,0,1,1,1,0,3,4,2,2,8,2,2,3,0,1,1,0,1,0,0,0,0,0,1,0,0,1,0,0,0,0,0,1
18,4,2,1,2,0,0,1,1,1,1,4,5,1,3,10,3,3,3,0,1,0,1,0,1,0,1,0,0,0,0,0,1,0,0,0,0,0,1
18,2,1,2,2,0,0,0,0,1,1,3,5,1,2,0,3,3,3,0,1,1,0,1,0,0,0,1,0,0,0,0,1,0,0,0,0,0,1
19,3,3,1,2,2,0,1,1,1,0,3,5,3,3,15,3,3,3,0,1,1,0,0,1,0,0,1,0,0,0,0,0,1,0,0,1,0,0
18,2,3,1,4,0,0,1,1,1,1,5,5,1,3,4,2,1,2,0,1,1,0,0,1,0,0,1,0,0,0,0,0,1,0,0,0,0,1
18,1,1,2,2,0,0,1,1,0,0,4,3,1,1,2,2,2,2,0,1,1,0,0,1,0,0,1,0,0,0,0,1,0,0,0,1,0,0
17,1,2,1,2,0,0,1,1,0,1,5,2,2,2,2,2,1,2,0,1,0,1,1,0,1,0,0,0,0,1,0,0,0,0,0,1,0,0
17,2,4,2,2,0,0,1,1,1,1,3,3,1,1,2,3,3,3,0,1,1,0,0,1,1,0,0,0,0,0,1,0,0,0,0,0,0,1
17,2,2,2,2,0,1,1,1,1,1,4,4,2,3,6,2,2,2,0,1,1,0,0,1,0,0,0,1,0,0,0,1,0,0,1,0,0,0
18,3,2,2,2,0,0,0,0,1,1,1,1,1,1,75,3,3,3,0,1,1,0,1,0,0,0,1,0,0,0,0,0,1,0,0,1,0,0
18,4,4,2,1,0,0,1,1,1,0,2,4,1,4,22,3,3,3,0,1,0,1,0,1,0,0,0,0,1,0,0,0,1,0,0,1,0,0
18,4,4,1,2,1,1,0,1,1,1,4,4,1,1,15,3,3,3,0,1,1,0,0,1,0,1,0,0,0,0,1,0,0,0,0,0,0,1
18,4,3,2,1,0,0,1,1,1,0,2,3,1,2,8,3,3,2,0,1,0,1,0,1,0,0,0,0,1,0,0,0,1,0,1,0,0,0
17,4,1,2,1,0,0,1,1,1,1,5,4,2,4,30,3,3,3,0,1,0,1,0,1,0,0,0,1,0,0,0,1,0,0,0,1,0,0
17,3,2,1,1,1,0,0,1,1,0,4,4,3,4,19,3,2,3,0,1,0,1,0,1,0,0,0,0,1,0,0,0,1,0,0,1,0,0
18,1,1,2,4,0,0,1,1,0,0,2,2,1,1,1,2,2,2,0,1,1,0,1,0,1,0,0,0,0,0,0,1,0,0,0,0,0,1
18,1,1,2,2,0,1,0,1,1,0,4,4,1,1,4,3,3,3,0,1,1,0,0,1,0,0,1,0,0,0,0,1,0,0,0,1,0,0
17,2,2,1,2,0,0,0,1,1,0,4,5,1,2,4,2,3,3,0,1,1,0,0,1,0,0,1,0,0,0,0,1,0,0,1,0,0,0
17,1,1,1,2,0,0,1,1,1,0,3,3,1,2,2,2,2,3,0,1,0,1,0,1,0,0,1,0,0,0,0,1,0,0,0,0,0,1
18,2,2,1,3,0,0,1,1,1,0,3,3,1,2,5,0,0,0,0,1,1,0,0,1,1,0,0,0,0,1,0,0,0,0,0,0,1,0
17,1,1,1,3,0,0,1,1,1,0,3,3,1,1,6,2,2,2,0,1,1,0,0,1,0,0,0,1,0,0,0,0,0,1,0,0,0,1
18,2,1,1,3,0,0,1,1,1,0,2,4,1,3,6,2,1,2,0,1,0,1,0,1,0,0,0,1,0,0,0,0,1,0,0,0,0,1
18,4,4,1,2,0,0,1,1,1,0,4,3,1,1,9,1,1,2,0,1,0,1,0,1,0,0,0,0,1,0,0,0,0,1,0,0,0,1
18,4,2,1,2,0,0,1,1,1,1,3,2,1,4,11,2,2,2,0,1,0,1,0,1,0,0,0,0,1,0,0,1,0,0,0,1,0,0
17,4,3,1,3,0,0,1,1,1,0,2,2,1,2,0,1,1,1,0,1,1,0,0,1,0,1,0,0,0,0,0,0,1,0,0,0,0,1
18,2,1,1,2,1,0,0,1,1,1,4,3,1,1,12,2,2,2,0,1,1,0,0,1,0,0,0,1,0,1,0,0,0,0,0,0,0,1
17,3,1,2,4,0,0,1,1,0,0,1,2,1,1,6,0,0,0,0,1,1,0,1,0,0,0,0,1,0,0,0,1,0,0,0,0,0,1
18,3,2,2,3,0,0,1,1,1,0,4,2,1,1,8,2,2,2,0,1,0,1,1,0,0,0,0,1,0,0,0,1,0,0,0,0,0,1
17,3,3,1,1,0,0,1,1,1,0,4,3,1,3,4,2,2,2,0,1,0,1,0,1,0,1,0,0,0,0,0,1,0,0,0,1,0,0
19,4,4,2,2,0,0,1,1,1,0,3,4,2,3,0,3,3,3,0,1,1,0,0,1,0,1,0,0,0,0,0,1,0,0,0,0,0,1
18,4,3,2,2,0,0,1,1,1,1,4,5,1,2,10,3,3,3,0,1,1,0,0,1,0,0,1,0,0,0,0,1,0,0,0,1,0,0
18,4,3,1,4,0,0,1,1,1,0,3,3,1,1,0,2,2,2,0,1,1,0,0,1,0,0,1,0,0,0,0,1,0,0,0,0,0,1
18,4,4,1,1,0,0,1,1,1,1,4,2,2,2,5,1,1,1,0,1,0,1,0,1,0,0,0,0,1,0,0,0,0,1,0,1,0,0
18,4,4,1,2,0,0,0,1,1,1,2,4,1,1,14,2,2,3,0,1,1,0,0,1,0,1,0,0,0,0,0,1,0,0,0,1,0,0
17,4,4,2,1,0,0,1,1,1,0,1,1,2,2,0,3,2,2,0,1,0,1,0,1,0,0,1,0,0,0,0,0,0,1,0,1,0,0
17,4,2,2,3,0,0,1,1,1,0,3,3,1,1,0,2,1,2,0,1,1,0,0,1,0,0,1,0,0,0,0,1,0,0,0,0,0,1
17,3,2,1,4,0,0,1,1,1,0,2,2,1,2,0,0,1,1,0,1,1,0,0,1,0,1,0,0,0,0,1,0,0,0,0,0,0,1
19,3,3,1,2,1,0,0,1,1,1,4,4,1,1,20,2,1,2,0,1,0,1,0,1,0,0,1,0,0,0,0,1,0,0,0,1,0,0
18,2,4,1,2,1,0,1,1,1,0,4,3,1,1,8,2,2,2,0,1,1,0,0,1,0,0,0,1,0,1,0,0,0,0,0,0,0,1
20,3,2,1,1,0,0,0,1,0,0,5,3,1,1,0,0,1,0,0,1,0,1,0,1,0,0,0,1,0,0,0,1,0,0,1,0,0,0
19,4,4,2,1,1,0,1,1,1,1,3,4,1,1,38,3,3,3,0,1,0,1,0,1,0,0,0,0,1,0,0,0,1,0,0,0,0,1
19,3,3,1,2,1,0,0,1,0,1,5,3,1,2,0,2,1,2,0,1,0,1,1,0,0,0,1,0,0,0,0,0,1,0,0,0,0,1
19,1,1,1,2,1,1,0,1,1,0,4,3,1,3,18,3,2,3,0,1,1,0,0,1,1,0,0,0,0,0,0,1,0,0,0,0,0,1
19,1,2,1,2,1,0,0,1,0,1,2,4,2,2,0,3,3,3,0,1,1,0,0,1,0,0,0,1,0,0,0,0,1,0,0,1,0,0
19,2,1,3,2,0,0,0,0,1,1,4,1,1,1,20,2,2,2,0,1,1,0,0,1,1,0,0,0,0,0,0,1,0,0,0,0,1,0
19,1,2,1,2,1,0,0,1,1,0,5,2,2,2,3,2,2,2,0,1,0,1,0,1,0,0,1,0,0,0,0,0,1,0,1,0,0,0
19,3,2,2,2,1,0,1,1,1,1,2,2,1,2,22,2,2,3,0,1,1,0,0,1,0,0,0,1,0,0,0,1,0,0,0,0,0,1
19,1,1,1,3,2,0,0,1,1,1,1,2,1,1,14,2,1,2,0,1,1,0,0,1,1,0,0,0,0,0,1,0,0,0,0,1,0,0
19,2,3,1,3,1,0,0,1,1,1,1,2,1,1,40,2,2,2,0,1,1,0,1,0,0,0,1,0,0,0,0,1,0,0,0,0,0,1
18,2,1,2,2,0,0,1,1,1,0,3,3,1,2,0,3,3,3,0,1,1,0,0,1,0,0,0,1,0,0,0,1,0,0,1,0,0,0
18,4,3,1,3,0,0,1,1,1,1,3,4,1,1,9,3,3,3,0,1,1,0,0,1,0,0,1,0,0,0,0,1,0,0,1,0,0,0
17,3,4,1,3,0,0,1,1,1,0,3,4,2,5,0,3,2,2,0,1,1,0,1,0,1,0,0,0,0,0,0,0,1,0,1,0,0,0
18,4,4,1,2,0,0,1,1,1,0,4,4,3,3,2,2,2,2,0,1,1,0,0,1,0,0,0,0,1,0,0,1,0,0,1,0,0,0
17,4,3,1,2,0,0,1,1,1,1,2,2,1,2,23,2,2,2,0,1,1,0,0,1,0,0,0,1,0,0,0,0,1,0,1,0,0,0
17,2,2,1,2,0,0,0,1,0,1,2,2,1,1,12,3,2,3,0,1,1,0,0,1,0,0,1,0,0,0,0,1,0,0,1,0,0,0
17,2,2,1,3,0,0,1,1,1,0,3,2,2,2,3,2,2,2,0,1,1,0,1,0,0,0,0,1,0,0,0,0,1,0,1,0,0,0
17,3,1,1,3,0,0,0,1,1,0,4,3,2,3,1,1,2,2,0,1,1,0,0,1,0,0,0,1,0,0,0,0,1,0,1,0,0,0
17,0,2,2,3,0,0,0,1,1,0,3,3,2,3,0,1,1,1,0,1,1,0,0,1,1,0,0,0,0,1,0,0,0,0,0,1,0,0
18,4,4,1,3,0,0,0,1,1,0,3,3,2,2,3,2,3,2,0,1,0,1,0,1,0,0,1,0,0,0,0,1,0,0,1,0,0,0
17,3,3,1,1,0,0,0,1,1,0,3,5,3,5,3,1,2,1,0,1,0,1,0,1,0,0,1,0,0,0,0,0,1,0,0,0,0,1
17,2,2,4,1,0,0,0,1,1,0,4,5,5,5,8,3,2,3,0,1,0,1,1,0,0,0,0,1,0,0,0,1,0,0,1,0,0,0
17,4,4,1,3,0,0,1,1,1,0,4,4,1,3,7,3,3,3,0,1,1,0,0,1,0,0,0,0,1,0,0,0,1,0,1,0,0,0
17,4,4,2,3,0,0,1,1,1,1,3,3,1,2,4,2,2,2,0,1,1,0,0,1,0,0,0,0,1,0,0,0,0,1,1,0,0,0
18,2,2,1,4,0,0,0,1,1,0,5,5,2,4,2,3,3,3,0,1,0,1,0,1,0,0,1,0,0,0,0,1,0,0,1,0,0,0
17,2,4,1,3,0,0,0,1,1,1,4,3,1,1,7,2,2,2,0,1,1,0,1,0,1,0,0,0,0,0,0,1,0,0,1,0,0,0
18,3,3,1,2,0,0,0,1,1,0,3,4,1,1,0,3,3,3,0,1,1,0,0,1,0,0,0,1,0,0,0,0,1,0,0,1,0,0
18,2,2,1,2,0,0,0,1,1,1,3,3,1,1,0,3,3,3,0,1,1,0,0,1,0,0,1,0,0,0,0,1,0,0,0,1,0,0
18,2,2,2,4,0,0,0,1,0,0,4,4,1,1,0,3,3,3,0,1,1,0,1,0,1,0,0,0,0,0,0,1,0,0,1,0,0,0
17,3,4,1,3,0,0,0,1,1,0,4,5,1,3,16,1,1,1,0,1,1,0,0,1,0,0,0,1,0,0,0,1,0,0,1,0,0,0
19,3,1,1,3,1,0,1,1,0,0,4,3,1,2,12,2,2,2,0,1,1,0,1,0,0,0,0,1,0,1,0,0,0,0,0,1,0,0
17,3,2,1,2,0,0,1,1,1,1,3,2,2,3,0,3,3,3,0,1,1,0,0,1,0,0,1,0,0,0,0,1,0,0,0,1,0,0
18,3,3,1,4,0,0,0,1,1,0,3,3,1,1,7,1,1,1,0,1,1,0,0,1,0,0,0,1,0,0,0,0,1,0,0,1,0,0
17,3,2,1,2,0,0,1,1,1,0,3,3,2,3,4,3,3,3,0,1,1,0,1,0,0,0,1,0,0,0,0,1,0,0,0,1,0,0
19,2,1,1,3,1,0,1,1,1,1,3,4,1,3,4,2,2,2,0,1,1,0,0,1,0,0,0,1,0,0,0,0,1,0,0,1,0,0
18,4,4,1,2,1,0,0,1,1,0,3,3,2,2,0,3,3,3,0,1,0,1,0,1,0,0,0,0,1,0,0,0,1,0,0,1,0,0
18,3,4,1,2,0,0,0,1,1,1,3,3,1,3,11,1,1,1,0,1,0,1,0,1,0,0,0,1,0,0,0,1,0,0,0,1,0,0
17,2,2,1,2,1,0,0,1,1,1,3,1,1,2,0,3,3,3,0,1,1,0,0,1,1,0,0,0,0,1,0,0,0,0,0,1,0,0
18,2,3,1,3,0,0,0,1,1,0,3,3,1,2,4,3,2,3,0,1,1,0,0,1,1,0,0,0,0,0,0,1,0,0,1,0,0,0
18,3,2,1,3,0,0,0,1,1,1,4,3,2,3,7,2,2,2,0,1,1,0,0,1,0,0,1,0,0,0,0,0,1,0,0,0,1,0
18,4,3,1,3,0,0,0,1,1,1,3,2,1,2,9,1,1,1,0,1,0,1,1,0,0,0,0,0,1,0,0,0,1,0,1,0,0,0
18,4,3,1,3,0,0,1,1,1,1,4,5,2,3,0,3,3,3,0,1,0,1,0,1,0,0,0,0,1,0,0,1,0,0,1,0,0,0
17,4,3,1,3,0,0,1,1,1,1,4,3,1,3,0,1,2,1,0,1,1,0,0,1,0,1,0,0,0,0,0,1,0,0,0,0,0,1
18,3,2,2,1,1,0,0,1,1,0,5,5,5,5,10,2,2,2,1,0,0,1,1,0,0,0,1,0,0,0,0,1,0,0,1,0,0,0
19,1,1,3,2,3,0,0,1,1,0,4,4,3,3,8,3,3,3,1,0,0,1,1,0,0,0,1,0,0,0,0,0,1,0,0,1,0,0
17,3,3,2,2,0,0,1,1,1,0,5,4,2,3,2,2,2,2,1,0,0,1,0,1,0,1,0,0,0,0,0,1,0,0,1,0,0,0
18,1,3,1,1,1,0,0,0,1,1,3,3,2,3,7,3,3,3,1,0,0,1,0,1,1,0,0,0,0,0,0,0,1,0,1,0,0,0
19,1,1,3,1,1,0,0,1,1,0,4,4,3,3,4,3,3,3,1,0,0,1,1,0,0,0,1,0,0,0,0,1,0,0,0,1,0,0
17,4,3,2,2,0,0,1,1,1,1,5,5,1,3,4,2,2,2,1,0,0,1,1,0,0,0,0,1,0,0,0,1,0,0,0,1,0,0
18,3,3,1,2,0,0,0,1,0,1,3,4,1,1,0,3,3,3,1,0,1,0,0,1,0,0,0,1,0,0,0,0,1,0,1,0,0,0
17,4,4,2,2,0,0,1,1,1,0,3,3,1,2,4,2,2,2,1,0,1,0,1,0,0,0,0,0,1,0,0,0,1,0,0,0,1,0
17,3,2,2,2,0,0,0,1,0,1,2,3,1,2,2,2,2,2,1,0,1,0,0,1,0,0,0,1,0,0,0,1,0,0,0,0,0,1
18,1,1,2,1,0,0,0,1,1,1,3,2,1,2,4,3,3,3,1,0,0,1,0,1,0,0,1,0,0,0,0,0,1,0,0,1,0,0
18,1,1,2,3,0,0,0,1,1,0,3,2,1,1,0,1,0,1,1,0,1,0,0,1,1,0,0,0,0,0,0,0,1,0,1,0,0,0
18,1,4,3,2,0,0,0,1,0,1,3,4,1,4,0,2,2,2,1,0,1,0,1,0,1,0,0,0,0,0,0,1,0,0,1,0,0,0
18,1,1,2,2,1,0,0,0,0,0,4,3,2,3,2,2,2,2,1,0,0,1,1,0,1,0,0,0,0,0,0,1,0,0,0,0,1,0
18,3,3,2,2,0,0,0,1,1,1,3,2,1,3,0,3,2,2,1,0,1,0,0,1,0,0,0,1,0,0,0,0,1,0,0,0,1,0
17,4,4,1,2,0,0,1,1,1,1,3,4,1,1,0,1,1,1,1,0,1,0,0,1,1,0,0,0,0,1,0,0,0,0,1,0,0,0
17,1,2,2,2,0,0,0,1,0,0,2,2,1,2,0,2,2,2,1,0,1,0,1,0,0,0,1,0,0,0,0,0,1,0,1,0,0,0
18,1,3,2,2,0,0,1,1,0,0,3,4,2,4,4,3,3,3,1,0,0,1,1,0,1,0,0,0,0,0,0,1,0,0,1,0,0,0
18,4,4,2,3,0,0,1,1,1,1,2,2,2,2,0,2,2,2,1,0,0,1,0,1,0,0,0,0,1,0,0,0,1,0,0,0,1,0
17,1,1,3,1,1,0,1,1,1,1,2,1,1,2,0,3,3,3,1,0,1,0,1,0,0,0,1,0,0,0,0,0,1,0,0,0,0,1
18,2,3,2,1,0,0,1,1,1,1,2,3,1,2,0,3,2,3,1,0,1,0,0,1,1,0,0,0,0,0,0,0,1,0,1,0,0,0
18,4,4,3,2,0,0,1,1,1,1,2,2,4,2,10,2,2,2,1,0,1,0,1,0,0,0,1,0,0,0,0,0,0,1,0,0,1,0
19,3,2,2,2,2,0,0,1,0,1,2,2,1,1,4,3,3,3,1,0,1,0,0,1,0,0,0,1,0,0,0,0,1,0,0,1,0,0
18,1,2,3,1,0,0,1,0,1,1,3,3,2,3,3,2,2,2,1,0,0,1,1,0,1,0,0,0,0,0,0,0,1,0,0,0,1,0
17,2,2,1,3,0,0,0,1,0,1,4,3,1,1,8,2,2,2,1,0,1,0,0,1,0,0,1,0,0,1,0,0,0,0,0,1,0,0
17,1,2,1,1,0,0,0,1,1,0,5,5,1,3,14,3,3,3,1,0,1,0,1,0,0,0,1,0,0,0,0,1,0,0,1,0,0,0
18,4,4,2,3,0,0,0,1,1,0,4,4,1,1,0,0,0,0,1,0,1,0,1,0,0,0,1,0,0,0,0,1,0,0,0,0,0,1
18,1,1,4,3,0,0,0,1,1,0,3,2,1,2,2,3,3,3,1,0,1,0,1,0,0,0,1,0,0,0,0,1,0,0,0,1,0,0
20,4,2,2,3,2,0,1,1,1,1,4,3,1,1,4,1,1,2,1,0,1,0,0,1,0,1,0,0,0,0,0,1,0,0,1,0,0,0
18,4,4,1,2,0,0,1,1,1,0,4,3,3,4,4,3,3,3,1,0,1,0,1,0,0,0,0,0,1,0,0,0,1,0,1,0,0,0
18,3,3,1,2,0,0,1,1,1,1,1,3,1,2,0,1,1,1,1,0,1,0,0,1,0,0,1,0,0,0,0,1,0,0,0,1,0,0
17,3,1,1,2,0,0,1,1,1,0,5,4,2,3,17,3,3,3,1,0,1,0,1,0,1,0,0,0,0,0,0,1,0,0,0,0,0,1
18,4,4,1,2,0,0,1,1,1,0,2,4,1,4,4,2,1,2,1,0,0,1,0,1,0,0,0,0,1,0,0,0,0,1,0,1,0,0
18,2,1,2,1,0,0,0,1,1,1,4,3,1,3,5,3,3,3,1,0,0,1,1,0,0,0,1,0,0,0,0,1,0,0,0,0,1,0
17,2,3,2,2,0,0,0,1,1,0,4,3,1,1,2,3,2,2,1,0,0,1,0,1,0,0,1,0,0,0,0,0,1,0,0,1,0,0
19,1,1,2,1,1,0,0,1,0,0,3,2,1,3,0,3,3,3,1,0,0,1,1,0,0,0,1,0,0,0,0,0,1,0,0,0,1,0
18,4,2,2,1,1,0,1,1,0,0,4,3,4,3,14,3,3,3,1,0,0,1,1,0,0,0,1,0,0,0,0,1,0,0,0,1,0,0
18,2,2,2,3,0,0,1,1,0,0,3,3,1,3,2,3,3,3,1,0,1,0,1,0,1,0,0,0,0,0,0,1,0,0,0,0,1,0
18,4,4,3,1,0,0,1,1,1,1,4,3,2,2,7,3,3,3,1,0,1,0,1,0,0,0,0,0,1,1,0,0,0,0,0,0,0,1
19,2,3,1,3,1,0,0,1,1,0,4,2,1,2,0,3,3,3,1,0,1,0,1,0,0,0,0,1,0,0,0,1,0,0,1,0,0,0
18,3,1,1,2,0,0,1,1,1,0,3,4,1,1,0,3,3,3,1,0,1,0,0,1,0,0,0,0,1,0,0,0,1,0,1,0,0,0
18,1,1,2,2,1,0,0,1,0,0,1,1,1,1,0,3,3,3,1,0,1,0,0,1,0,0,1,0,0,0,0,1,0,0,1,0,0,0
20,2,2,1,2,2,0,1,1,0,0,5,4,4,5,11,3,3,3,1,0,0,1,0,1,0,0,0,1,0,0,0,0,1,0,1,0,0,0
17,3,1,2,1,0,0,0,1,1,0,4,5,3,4,3,1,2,1,1,0,0,1,0,1,0,0,0,1,0,0,0,0,1,0,1,0,0,0
21,1,1,1,1,3,0,0,1,0,0,5,3,3,3,3,3,3,3,1,0,0,1,1,0,0,0,1,0,0,0,0,1,0,0,1,0,0,0
18,3,2,3,1,0,0,0,1,1,0,4,1,3,4,0,3,2,2,1,0,0,1,1,0,0,0,0,1,0,0,0,1,0,0,1,0,0,0
19,1,1,1,1,0,0,0,1,1,0,2,3,3,3,5,3,3,3,1,0,0,1,0,1,0,0,1,0,0,1,0,0,0,0,1,0,0,0
18,4,4,2,2,0,1,0,1,0,0,3,4,1,1,6,3,3,3,0,1,1,0,0,1,1,0,0,0,0,0,0,0,0,1,1,0,0,0
19,1,1,2,1,1,0,0,1,0,0,3,2,1,3,0,3,3,3,1,0,0,1,1,0,0,0,1,0,0,0,0,0,1,0,0,0,1,0
